Id,Course,Attn_Date,Attn_Hours
628885,AdClassSched_49331,2/17/2020,60
628885,AdClassSched_49331,2/8/2020,60
628885,AdClassSched_49331,1/19/2020,60
636662,AdClassSched_48762,2/19/2020,60
628885,AdClassSched_49331,1/27/2020,60
636662,AdClassSched_48762,1/27/2020,60
636662,AdClassSched_48762,2/3/2020,60
636662,AdClassSched_48762,2/11/2020,60
636662,AdClassSched_48762,1/24/2020,60
635263,AdClassSched_49212,1/30/2020,60
635263,AdClassSched_49212,2/20/2020,60
635263,AdClassSched_49212,1/23/2020,60
635263,AdClassSched_49212,2/13/2020,60
635263,AdClassSched_49212,2/3/2020,60
626384,AdClassSched_57203,2/17/2020,60
626384,AdClassSched_57203,1/27/2020,60
626384,AdClassSched_57203,1/13/2020,60
626384,AdClassSched_57203,2/5/2020,60
626384,AdClassSched_57203,2/10/2020,60
626384,AdClassSched_57203,1/20/2020,60
633836,AdClassSched_49212,1/29/2020,60
633836,AdClassSched_49212,2/21/2020,60
633836,AdClassSched_49212,1/15/2020,60
633836,AdClassSched_49212,2/11/2020,60
633836,AdClassSched_49212,2/5/2020,60
629795,AdClassSched_49332,2/15/2020,60
629795,AdClassSched_49332,2/25/2020,60
629795,AdClassSched_49332,2/17/2020,60
635950,AdClassSched_48762,2/18/2020,60
635950,AdClassSched_48762,2/11/2020,60
630459,AdClassSched_56621,2/23/2020,60
630459,AdClassSched_56621,2/16/2020,60
630459,AdClassSched_56621,1/19/2020,60
630459,AdClassSched_56621,2/3/2020,60
630459,AdClassSched_56621,1/30/2020,60
634726,AdClassSched_49212,1/30/2020,60
634726,AdClassSched_49212,2/20/2020,60
634726,AdClassSched_49212,1/27/2020,60
634726,AdClassSched_49212,1/19/2020,60
634726,AdClassSched_49212,2/15/2020,60
634726,AdClassSched_49212,2/7/2020,60
623466,AdClassSched_49332,2/9/2020,60
623466,AdClassSched_49332,2/17/2020,60
623466,AdClassSched_49332,1/26/2020,60
623466,AdClassSched_49332,1/17/2020,60
623466,AdClassSched_49332,1/27/2020,60
615758,AdClassSched_48762,2/24/2020,60
615758,AdClassSched_48762,1/16/2020,60
615758,AdClassSched_48762,2/5/2020,60
615758,AdClassSched_48762,2/11/2020,60
623357,AdClassSched_56629,2/14/2020,60
623357,AdClassSched_56629,2/10/2020,60
623357,AdClassSched_56629,1/19/2020,60
623357,AdClassSched_56629,2/24/2020,60
623357,AdClassSched_56629,1/26/2020,60
626576,AdClassSched_49332,2/13/2020,60
626576,AdClassSched_49332,2/22/2020,60
626576,AdClassSched_49332,1/17/2020,60
626576,AdClassSched_49332,1/31/2020,60
633514,AdClassSched_49213,1/31/2020,60
633514,AdClassSched_49213,2/18/2020,60
633514,AdClassSched_49213,2/10/2020,60
636786,AdClassSched_48762,2/24/2020,60
636786,AdClassSched_48762,2/11/2020,60
609371,AdClassSched_56630,2/17/2020,60
609371,AdClassSched_56630,1/27/2020,60
609371,AdClassSched_56630,1/21/2020,60
609371,AdClassSched_56630,2/10/2020,60
609371,AdClassSched_56630,2/24/2020,60
609371,AdClassSched_56630,2/3/2020,60
623145,AdClassSched_49333,2/16/2020,60
623145,AdClassSched_49333,2/5/2020,60
623145,AdClassSched_49333,2/24/2020,60
623145,AdClassSched_49333,1/21/2020,60
623145,AdClassSched_49333,1/19/2020,60
623145,AdClassSched_49333,1/29/2020,60
636395,AdClassSched_48762,2/20/2020,60
633281,AdClassSched_49277,2/14/2020,60
636395,AdClassSched_48762,1/28/2020,60
633281,AdClassSched_49277,1/26/2020,60
633281,AdClassSched_49277,1/31/2020,60
636395,AdClassSched_48762,1/17/2020,60
633281,AdClassSched_49277,2/7/2020,60
636395,AdClassSched_48762,2/24/2020,60
636395,AdClassSched_48762,2/7/2020,60
636395,AdClassSched_48762,2/13/2020,60
636395,AdClassSched_48762,1/22/2020,60
629326,AdClassSched_56630,2/20/2020,60
629326,AdClassSched_56630,1/28/2020,60
629326,AdClassSched_56630,1/22/2020,60
629326,AdClassSched_56630,2/11/2020,60
629326,AdClassSched_56630,2/4/2020,60
635514,AdClassSched_48762,2/17/2020,60
635514,AdClassSched_48762,1/30/2020,60
635514,AdClassSched_48762,2/24/2020,60
635514,AdClassSched_48762,2/6/2020,60
635514,AdClassSched_48762,2/10/2020,60
635514,AdClassSched_48762,1/21/2020,60
507977,AdClassSched_49277,2/11/2020,60
507977,AdClassSched_49277,1/27/2020,60
507977,AdClassSched_49277,2/19/2020,60
507977,AdClassSched_49277,2/4/2020,60
640344,AdClassSched_56634,2/6/2020,60
640344,AdClassSched_56634,2/11/2020,60
640344,AdClassSched_56634,1/28/2020,60
640344,AdClassSched_56634,2/25/2020,60
640344,AdClassSched_56634,2/23/2020,60
636620,AdClassSched_48762,2/11/2020,60
506314,AdClassSched_49278,2/10/2020,60
506314,AdClassSched_49278,1/24/2020,60
506314,AdClassSched_49278,2/24/2020,60
506314,AdClassSched_49278,1/28/2020,60
506314,AdClassSched_49278,2/17/2020,60
506314,AdClassSched_49278,2/7/2020,60
609420,AdClassSched_49334,2/11/2020,60
609420,AdClassSched_49334,2/24/2020,60
609420,AdClassSched_49334,2/5/2020,60
609420,AdClassSched_49334,2/18/2020,60
609420,AdClassSched_49334,1/15/2020,60
512494,AdClassSched_56642,1/22/2020,60
512494,AdClassSched_56642,1/27/2020,60
512494,AdClassSched_56642,1/14/2020,60
512494,AdClassSched_56642,2/17/2020,60
512494,AdClassSched_56642,2/4/2020,60
512494,AdClassSched_56642,2/10/2020,60
632749,AdClassSched_48762,2/19/2020,60
632749,AdClassSched_48762,2/2/2020,60
632749,AdClassSched_48762,2/11/2020,60
632749,AdClassSched_48762,1/21/2020,60
618541,AdClassSched_49278,2/17/2020,60
623479,AdClassSched_49335,2/10/2020,60
623479,AdClassSched_49335,2/9/2020,60
623479,AdClassSched_49335,2/21/2020,60
623479,AdClassSched_49335,1/24/2020,60
623479,AdClassSched_49335,1/14/2020,60
623479,AdClassSched_49335,1/27/2020,60
623883,AdClassSched_56644,1/21/2020,60
623883,AdClassSched_56644,1/31/2020,60
623883,AdClassSched_56644,2/23/2020,60
623883,AdClassSched_56644,2/5/2020,60
623883,AdClassSched_56644,2/10/2020,60
638847,AdClassSched_49278,2/11/2020,60
638847,AdClassSched_49278,1/27/2020,60
643224,AdClassSched_48860,2/3/2020,60
643224,AdClassSched_48860,1/21/2020,60
643224,AdClassSched_48860,2/10/2020,60
643224,AdClassSched_48860,2/24/2020,60
643224,AdClassSched_48860,1/13/2020,60
643224,AdClassSched_48860,1/28/2020,60
643224,AdClassSched_48860,2/18/2020,60
623672,AdClassSched_49338,2/11/2020,60
623672,AdClassSched_49338,2/3/2020,60
623672,AdClassSched_49338,2/18/2020,60
623672,AdClassSched_49338,1/28/2020,60
637469,AdClassSched_56761,1/23/2020,60
637469,AdClassSched_56761,2/18/2020,60
637469,AdClassSched_56761,2/11/2020,60
637469,AdClassSched_56761,1/15/2020,60
637469,AdClassSched_56761,1/30/2020,60
637610,AdClassSched_48860,2/4/2020,60
637610,AdClassSched_48860,1/23/2020,60
637610,AdClassSched_48860,2/10/2020,60
637610,AdClassSched_48860,1/15/2020,60
637610,AdClassSched_48860,1/30/2020,60
637610,AdClassSched_48860,2/17/2020,60
631780,AdClassSched_49279,2/14/2020,60
631780,AdClassSched_49279,1/25/2020,60
631780,AdClassSched_49279,1/20/2020,60
631780,AdClassSched_49279,2/23/2020,60
631780,AdClassSched_49279,2/3/2020,60
625867,AdClassSched_49338,2/14/2020,60
625867,AdClassSched_49338,2/7/2020,60
618129,AdClassSched_56776,1/29/2020,60
645386,AdClassSched_48860,2/7/2020,60
618129,AdClassSched_56776,1/18/2020,60
618129,AdClassSched_56776,2/19/2020,60
645386,AdClassSched_48860,1/24/2020,60
618129,AdClassSched_56776,2/24/2020,60
645386,AdClassSched_48860,2/10/2020,60
645386,AdClassSched_48860,1/16/2020,60
645386,AdClassSched_48860,2/20/2020,60
632293,AdClassSched_49280,2/10/2020,60
632293,AdClassSched_49280,1/20/2020,60
632293,AdClassSched_49280,2/24/2020,60
632293,AdClassSched_49280,1/27/2020,60
632293,AdClassSched_49280,1/13/2020,60
632293,AdClassSched_49280,2/17/2020,60
632293,AdClassSched_49280,2/3/2020,60
515052,AdClassSched_49338,2/16/2020,60
515052,AdClassSched_49338,2/9/2020,60
515052,AdClassSched_49338,1/27/2020,60
515052,AdClassSched_49338,2/2/2020,60
643107,AdClassSched_48860,2/3/2020,60
643107,AdClassSched_48860,2/12/2020,60
643107,AdClassSched_48860,2/24/2020,60
643107,AdClassSched_48860,1/16/2020,60
643107,AdClassSched_48860,1/27/2020,60
623703,AdClassSched_56854,2/25/2020,60
623703,AdClassSched_56854,1/28/2020,60
623703,AdClassSched_56854,2/4/2020,60
623703,AdClassSched_56854,2/15/2020,60
623703,AdClassSched_56854,1/22/2020,60
622305,AdClassSched_49338,2/12/2020,60
622305,AdClassSched_49338,2/4/2020,60
622305,AdClassSched_49338,2/19/2020,60
622305,AdClassSched_49338,1/22/2020,60
622305,AdClassSched_49338,1/14/2020,60
622305,AdClassSched_49338,1/29/2020,60
507170,AdClassSched_49280,2/12/2020,60
507170,AdClassSched_49280,1/24/2020,60
507170,AdClassSched_49280,1/30/2020,60
507170,AdClassSched_49280,1/19/2020,60
507170,AdClassSched_49280,2/18/2020,60
507170,AdClassSched_49280,2/5/2020,60
644897,AdClassSched_48860,2/3/2020,60
644897,AdClassSched_48860,1/20/2020,60
644897,AdClassSched_48860,2/10/2020,60
644897,AdClassSched_48860,2/24/2020,60
644897,AdClassSched_48860,2/2/2020,60
644897,AdClassSched_48860,2/20/2020,60
638747,AdClassSched_49280,2/12/2020,60
638747,AdClassSched_49280,1/27/2020,60
638747,AdClassSched_49280,2/17/2020,60
617927,AdClassSched_49339,2/12/2020,60
617927,AdClassSched_49339,2/24/2020,60
617927,AdClassSched_49339,2/17/2020,60
617927,AdClassSched_49339,2/1/2020,60
637791,AdClassSched_48860,2/4/2020,60
637791,AdClassSched_48860,1/21/2020,60
637791,AdClassSched_48860,2/14/2020,60
637791,AdClassSched_48860,1/14/2020,60
637791,AdClassSched_48860,2/2/2020,60
637791,AdClassSched_48860,2/17/2020,60
626368,AdClassSched_49281,2/11/2020,60
626368,AdClassSched_49281,1/24/2020,60
626368,AdClassSched_49281,1/28/2020,60
626368,AdClassSched_49281,2/3/2020,60
620423,AdClassSched_49340,2/17/2020,60
620423,AdClassSched_49340,2/25/2020,60
620423,AdClassSched_49340,2/10/2020,60
620423,AdClassSched_49340,1/31/2020,60
493507,AdClassSched_56915,1/21/2020,60
493507,AdClassSched_56915,1/16/2020,60
642750,AdClassSched_48862,2/12/2020,60
642750,AdClassSched_48862,2/5/2020,60
642750,AdClassSched_48862,2/19/2020,60
642750,AdClassSched_48862,1/23/2020,60
642750,AdClassSched_48862,1/16/2020,60
642750,AdClassSched_48862,1/29/2020,60
620329,AdClassSched_49282,2/11/2020,60
620329,AdClassSched_49282,1/20/2020,60
620329,AdClassSched_49282,1/28/2020,60
620329,AdClassSched_49282,1/16/2020,60
620329,AdClassSched_49282,2/18/2020,60
620329,AdClassSched_49282,2/4/2020,60
618625,AdClassSched_49340,2/13/2020,60
618625,AdClassSched_49340,2/4/2020,60
618625,AdClassSched_49340,2/19/2020,60
618625,AdClassSched_49340,1/31/2020,60
642214,AdClassSched_48862,2/10/2020,60
642214,AdClassSched_48862,2/25/2020,60
642214,AdClassSched_48862,2/4/2020,60
642214,AdClassSched_48862,2/17/2020,60
642214,AdClassSched_48862,1/20/2020,60
642214,AdClassSched_48862,1/13/2020,60
642214,AdClassSched_48862,1/27/2020,60
634099,AdClassSched_56971,2/20/2020,60
634099,AdClassSched_56971,2/13/2020,60
634099,AdClassSched_56971,2/3/2020,60
634099,AdClassSched_56971,1/27/2020,60
634099,AdClassSched_56971,2/25/2020,60
634099,AdClassSched_56971,1/20/2020,60
500105,AdClassSched_49282,1/23/2020,60
500105,AdClassSched_49282,1/28/2020,60
500105,AdClassSched_49282,2/19/2020,60
500105,AdClassSched_49282,2/6/2020,60
618133,AdClassSched_49341,2/12/2020,60
618133,AdClassSched_49341,2/24/2020,60
618133,AdClassSched_49341,2/7/2020,60
618133,AdClassSched_49341,2/19/2020,60
618133,AdClassSched_49341,1/24/2020,60
618133,AdClassSched_49341,1/20/2020,60
618133,AdClassSched_49341,1/29/2020,60
642211,AdClassSched_48863,2/13/2020,60
642211,AdClassSched_48863,2/3/2020,60
642211,AdClassSched_48863,2/21/2020,60
609969,AdClassSched_56974,2/19/2020,60
642211,AdClassSched_48863,1/24/2020,60
609969,AdClassSched_56974,2/10/2020,60
642211,AdClassSched_48863,1/16/2020,60
609969,AdClassSched_56974,1/30/2020,60
609969,AdClassSched_56974,2/24/2020,60
430448,AdClassSched_49282,2/13/2020,60
430448,AdClassSched_49282,1/30/2020,60
430448,AdClassSched_49282,2/20/2020,60
430448,AdClassSched_49282,2/7/2020,60
626511,AdClassSched_49341,2/5/2020,60
626511,AdClassSched_49341,2/19/2020,60
626511,AdClassSched_49341,1/24/2020,60
626511,AdClassSched_49341,1/14/2020,60
626511,AdClassSched_49341,1/30/2020,60
498069,AdClassSched_56976,2/21/2020,60
498069,AdClassSched_56976,2/12/2020,60
642615,AdClassSched_48863,2/10/2020,60
642615,AdClassSched_48863,2/24/2020,60
642615,AdClassSched_48863,2/3/2020,60
642615,AdClassSched_48863,2/18/2020,60
642615,AdClassSched_48863,1/21/2020,60
642615,AdClassSched_48863,1/27/2020,60
617605,AdClassSched_49299,2/16/2020,60
617605,AdClassSched_49299,2/8/2020,60
617605,AdClassSched_49299,2/22/2020,60
617605,AdClassSched_49299,1/25/2020,60
617605,AdClassSched_49299,1/17/2020,60
617605,AdClassSched_49299,2/1/2020,60
623551,AdClassSched_49341,2/14/2020,60
623551,AdClassSched_49341,2/7/2020,60
623551,AdClassSched_49341,2/22/2020,60
623551,AdClassSched_49341,1/29/2020,60
643200,AdClassSched_48863,2/23/2020,60
643200,AdClassSched_48863,1/26/2020,60
628248,AdClassSched_49299,2/10/2020,60
628248,AdClassSched_49299,1/20/2020,60
628248,AdClassSched_49299,2/3/2020,60
617103,AdClassSched_49341,2/16/2020,60
617103,AdClassSched_49341,2/24/2020,60
617103,AdClassSched_49341,2/4/2020,60
617103,AdClassSched_49341,2/18/2020,60
617103,AdClassSched_49341,1/22/2020,60
617103,AdClassSched_49341,1/14/2020,60
617103,AdClassSched_49341,1/28/2020,60
628939,AdClassSched_49299,2/11/2020,60
628939,AdClassSched_49299,2/4/2020,60
628939,AdClassSched_49299,2/1/2020,60
645296,AdClassSched_48865,2/12/2020,60
645296,AdClassSched_48865,2/7/2020,60
645296,AdClassSched_48865,2/20/2020,60
645296,AdClassSched_48865,1/23/2020,60
645296,AdClassSched_48865,1/16/2020,60
645296,AdClassSched_48865,1/30/2020,60
563836,AdClassSched_49342,2/12/2020,60
563836,AdClassSched_49342,2/3/2020,60
563836,AdClassSched_49342,2/19/2020,60
563836,AdClassSched_49342,1/25/2020,60
563836,AdClassSched_49342,1/18/2020,60
563836,AdClassSched_49342,1/29/2020,60
509913,AdClassSched_49300,2/13/2020,60
509913,AdClassSched_49300,2/25/2020,60
509913,AdClassSched_49300,2/8/2020,60
509913,AdClassSched_49300,2/19/2020,60
509913,AdClassSched_49300,1/22/2020,60
509913,AdClassSched_49300,1/13/2020,60
509913,AdClassSched_49300,1/29/2020,60
638814,AdClassSched_48866,2/14/2020,60
638814,AdClassSched_48866,2/5/2020,60
638814,AdClassSched_48866,2/18/2020,60
638814,AdClassSched_48866,1/23/2020,60
638814,AdClassSched_48866,1/13/2020,60
638814,AdClassSched_48866,1/31/2020,60
631652,AdClassSched_56984,1/27/2020,60
631652,AdClassSched_56984,1/20/2020,60
631652,AdClassSched_56984,2/21/2020,60
631652,AdClassSched_56984,2/7/2020,60
631652,AdClassSched_56984,2/15/2020,60
631652,AdClassSched_56984,1/17/2020,60
515946,AdClassSched_49342,2/24/2020,60
515946,AdClassSched_49342,2/4/2020,60
515946,AdClassSched_49342,2/21/2020,60
515946,AdClassSched_49342,1/24/2020,60
515946,AdClassSched_49342,1/14/2020,60
515946,AdClassSched_49342,1/30/2020,60
623556,AdClassSched_49301,2/11/2020,60
623556,AdClassSched_49301,2/22/2020,60
643073,AdClassSched_48866,2/10/2020,60
643073,AdClassSched_48866,2/24/2020,60
643073,AdClassSched_48866,2/3/2020,60
643073,AdClassSched_48866,2/17/2020,60
643073,AdClassSched_48866,1/22/2020,60
643073,AdClassSched_48866,1/13/2020,60
643073,AdClassSched_48866,1/28/2020,60
633553,AdClassSched_56985,2/18/2020,60
633553,AdClassSched_56985,2/11/2020,60
633553,AdClassSched_56985,1/14/2020,60
633553,AdClassSched_56985,2/4/2020,60
633553,AdClassSched_56985,1/27/2020,60
633553,AdClassSched_56985,2/25/2020,60
633553,AdClassSched_56985,1/23/2020,60
618150,AdClassSched_49343,2/13/2020,60
618150,AdClassSched_49343,2/25/2020,60
618150,AdClassSched_49343,2/4/2020,60
618150,AdClassSched_49343,1/31/2020,60
628935,AdClassSched_49302,2/14/2020,60
628935,AdClassSched_49302,2/7/2020,60
628935,AdClassSched_49302,2/19/2020,60
628935,AdClassSched_49302,1/23/2020,60
628935,AdClassSched_49302,1/27/2020,60
631711,AdClassSched_49003,2/5/2020,60
631711,AdClassSched_49003,1/21/2020,60
631711,AdClassSched_49003,2/11/2020,60
631711,AdClassSched_49003,1/28/2020,60
631711,AdClassSched_49003,2/20/2020,60
636931,AdClassSched_56985,2/18/2020,60
636931,AdClassSched_56985,1/15/2020,60
636931,AdClassSched_56985,2/5/2020,60
636931,AdClassSched_56985,1/29/2020,60
636931,AdClassSched_56985,1/22/2020,60
608871,AdClassSched_49345,2/10/2020,60
608871,AdClassSched_49345,2/24/2020,60
608871,AdClassSched_49345,2/3/2020,60
608871,AdClassSched_49345,2/17/2020,60
608871,AdClassSched_49345,1/21/2020,60
608871,AdClassSched_49345,1/13/2020,60
608871,AdClassSched_49345,1/27/2020,60
629554,AdClassSched_49302,2/4/2020,60
629554,AdClassSched_49302,2/17/2020,60
629554,AdClassSched_49302,2/1/2020,60
628519,AdClassSched_49003,2/7/2020,60
628519,AdClassSched_49003,1/27/2020,60
628519,AdClassSched_49003,2/15/2020,60
628519,AdClassSched_49003,1/19/2020,60
628519,AdClassSched_49003,1/31/2020,60
628519,AdClassSched_49003,2/21/2020,60
633652,AdClassSched_56985,2/19/2020,60
633652,AdClassSched_56985,2/12/2020,60
633652,AdClassSched_56985,1/15/2020,60
633652,AdClassSched_56985,2/8/2020,60
633652,AdClassSched_56985,1/27/2020,60
626161,AdClassSched_49303,2/15/2020,60
626161,AdClassSched_49303,2/24/2020,60
502675,AdClassSched_49346,2/10/2020,60
502675,AdClassSched_49346,2/24/2020,60
502675,AdClassSched_49346,2/4/2020,60
502675,AdClassSched_49346,2/18/2020,60
502675,AdClassSched_49346,1/20/2020,60
502675,AdClassSched_49346,1/14/2020,60
502675,AdClassSched_49346,1/27/2020,60
638828,AdClassSched_49003,2/4/2020,60
638828,AdClassSched_49003,1/21/2020,60
638828,AdClassSched_49003,2/11/2020,60
638828,AdClassSched_49003,1/16/2020,60
638828,AdClassSched_49003,1/28/2020,60
638828,AdClassSched_49003,2/20/2020,60
623332,AdClassSched_49303,2/11/2020,60
623332,AdClassSched_49303,2/4/2020,60
623332,AdClassSched_49303,2/22/2020,60
623332,AdClassSched_49303,1/16/2020,60
623332,AdClassSched_49303,1/28/2020,60
508881,AdClassSched_56992,2/9/2020,60
508881,AdClassSched_56992,2/13/2020,60
508881,AdClassSched_56992,1/20/2020,60
508881,AdClassSched_56992,1/24/2020,60
508881,AdClassSched_56992,2/1/2020,60
508881,AdClassSched_56992,2/18/2020,60
617709,AdClassSched_49347,2/14/2020,60
617709,AdClassSched_49347,2/24/2020,60
617709,AdClassSched_49347,2/5/2020,60
617709,AdClassSched_49347,2/18/2020,60
617709,AdClassSched_49347,1/20/2020,60
617709,AdClassSched_49347,1/15/2020,60
618794,AdClassSched_49003,2/4/2020,60
618794,AdClassSched_49003,1/20/2020,60
618794,AdClassSched_49003,2/10/2020,60
618794,AdClassSched_49003,2/25/2020,60
618794,AdClassSched_49003,1/14/2020,60
618794,AdClassSched_49003,1/27/2020,60
618794,AdClassSched_49003,2/17/2020,60
644462,AdClassSched_49304,2/12/2020,60
644462,AdClassSched_49304,2/4/2020,60
644462,AdClassSched_49304,2/18/2020,60
644462,AdClassSched_49304,1/22/2020,60
618650,AdClassSched_49348,2/16/2020,60
618650,AdClassSched_49348,2/7/2020,60
517352,AdClassSched_56994,2/4/2020,60
618650,AdClassSched_49348,2/22/2020,60
517352,AdClassSched_56994,2/16/2020,60
618650,AdClassSched_49348,1/26/2020,60
517352,AdClassSched_56994,1/17/2020,60
618650,AdClassSched_49348,1/18/2020,60
517352,AdClassSched_56994,1/22/2020,60
517352,AdClassSched_56994,1/29/2020,60
517352,AdClassSched_56994,2/23/2020,60
634312,AdClassSched_49003,2/10/2020,60
634312,AdClassSched_49003,2/17/2020,60
613395,AdClassSched_56994,2/3/2020,60
613395,AdClassSched_56994,2/11/2020,60
613395,AdClassSched_56994,1/21/2020,60
613395,AdClassSched_56994,1/27/2020,60
613395,AdClassSched_56994,2/24/2020,60
613395,AdClassSched_56994,2/18/2020,60
644457,AdClassSched_49305,2/17/2020,60
644457,AdClassSched_49305,2/8/2020,60
644457,AdClassSched_49305,1/23/2020,60
644457,AdClassSched_49305,1/18/2020,60
644457,AdClassSched_49305,2/2/2020,60
633222,AdClassSched_49004,2/5/2020,60
633222,AdClassSched_49004,1/22/2020,60
633222,AdClassSched_49004,2/12/2020,60
633222,AdClassSched_49004,1/15/2020,60
633222,AdClassSched_49004,1/29/2020,60
633222,AdClassSched_49004,2/19/2020,60
477485,AdClassSched_49349,2/14/2020,60
477485,AdClassSched_49349,2/22/2020,60
477485,AdClassSched_49349,1/22/2020,60
477485,AdClassSched_49349,1/18/2020,60
477485,AdClassSched_49349,1/31/2020,60
517318,AdClassSched_56994,2/3/2020,60
517318,AdClassSched_56994,2/16/2020,60
517318,AdClassSched_56994,1/17/2020,60
517318,AdClassSched_56994,1/21/2020,60
517318,AdClassSched_56994,2/21/2020,60
644439,AdClassSched_49305,2/11/2020,60
644439,AdClassSched_49305,2/24/2020,60
644439,AdClassSched_49305,2/3/2020,60
644439,AdClassSched_49305,2/17/2020,60
644439,AdClassSched_49305,1/20/2020,60
644439,AdClassSched_49305,1/16/2020,60
644439,AdClassSched_49305,1/27/2020,60
624331,AdClassSched_49004,2/5/2020,60
624331,AdClassSched_49004,1/22/2020,60
624331,AdClassSched_49004,2/12/2020,60
624331,AdClassSched_49004,1/15/2020,60
624331,AdClassSched_49004,1/29/2020,60
506291,AdClassSched_56994,2/8/2020,60
506291,AdClassSched_56994,2/15/2020,60
506291,AdClassSched_56994,2/3/2020,60
506291,AdClassSched_56994,2/22/2020,60
503333,AdClassSched_49350,1/29/2020,60
503333,AdClassSched_49350,2/21/2020,60
503333,AdClassSched_49350,1/21/2020,60
503333,AdClassSched_49350,1/13/2020,60
503333,AdClassSched_49350,2/14/2020,60
503333,AdClassSched_49350,2/5/2020,60
644454,AdClassSched_49306,2/25/2020,60
644454,AdClassSched_49306,2/5/2020,60
644454,AdClassSched_49306,2/19/2020,60
644454,AdClassSched_49306,1/26/2020,60
644454,AdClassSched_49306,1/20/2020,60
644454,AdClassSched_49306,1/31/2020,60
638664,AdClassSched_49004,2/7/2020,60
638664,AdClassSched_49004,1/22/2020,60
638664,AdClassSched_49004,2/12/2020,60
638664,AdClassSched_49004,1/18/2020,60
517718,AdClassSched_56994,2/12/2020,60
517718,AdClassSched_56994,1/20/2020,60
517718,AdClassSched_56994,1/31/2020,60
480666,AdClassSched_49350,1/28/2020,60
480666,AdClassSched_49350,2/18/2020,60
480666,AdClassSched_49350,1/21/2020,60
480666,AdClassSched_49350,1/16/2020,60
480666,AdClassSched_49350,2/10/2020,60
480666,AdClassSched_49350,2/5/2020,60
508311,AdClassSched_49306,2/12/2020,60
508311,AdClassSched_49306,2/4/2020,60
508311,AdClassSched_49306,2/17/2020,60
508311,AdClassSched_49306,1/27/2020,60
633263,AdClassSched_49004,2/5/2020,60
633263,AdClassSched_49004,1/22/2020,60
633263,AdClassSched_49004,2/10/2020,60
633263,AdClassSched_49004,2/25/2020,60
633263,AdClassSched_49004,1/16/2020,60
633263,AdClassSched_49004,1/29/2020,60
633263,AdClassSched_49004,2/21/2020,60
633861,AdClassSched_49004,2/13/2020,60
633861,AdClassSched_49004,2/3/2020,60
616150,AdClassSched_49352,1/31/2020,60
616150,AdClassSched_49352,2/17/2020,60
616150,AdClassSched_49352,1/27/2020,60
616150,AdClassSched_49352,2/10/2020,60
644445,AdClassSched_49306,2/13/2020,60
644445,AdClassSched_49306,2/24/2020,60
644445,AdClassSched_49306,2/3/2020,60
644445,AdClassSched_49306,2/17/2020,60
644445,AdClassSched_49306,1/22/2020,60
644445,AdClassSched_49306,1/13/2020,60
644445,AdClassSched_49306,1/27/2020,60
630033,AdClassSched_57001,2/3/2020,60
630033,AdClassSched_57001,2/21/2020,60
630033,AdClassSched_57001,2/10/2020,60
630033,AdClassSched_57001,1/31/2020,60
644455,AdClassSched_49306,2/12/2020,60
644455,AdClassSched_49306,2/24/2020,60
644455,AdClassSched_49306,2/3/2020,60
644455,AdClassSched_49306,2/17/2020,60
644455,AdClassSched_49306,1/21/2020,60
644455,AdClassSched_49306,1/15/2020,60
644455,AdClassSched_49306,1/28/2020,60
637914,AdClassSched_49004,2/5/2020,60
637914,AdClassSched_49004,1/22/2020,60
637914,AdClassSched_49004,2/12/2020,60
637914,AdClassSched_49004,2/20/2020,60
510061,AdClassSched_49352,1/28/2020,60
510061,AdClassSched_49352,2/17/2020,60
510061,AdClassSched_49352,2/25/2020,60
510061,AdClassSched_49352,1/21/2020,60
510061,AdClassSched_49352,1/14/2020,60
510061,AdClassSched_49352,2/11/2020,60
510061,AdClassSched_49352,2/4/2020,60
510697,AdClassSched_49352,2/2/2020,60
510697,AdClassSched_49352,2/23/2020,60
510697,AdClassSched_49352,1/24/2020,60
510697,AdClassSched_49352,1/16/2020,60
510697,AdClassSched_49352,2/16/2020,60
510697,AdClassSched_49352,2/8/2020,60
640771,AdClassSched_49004,1/22/2020,60
640771,AdClassSched_49004,2/19/2020,60
634820,AdClassSched_57005,2/19/2020,60
634820,AdClassSched_57005,1/28/2020,60
634820,AdClassSched_57005,1/24/2020,60
634820,AdClassSched_57005,2/12/2020,60
634820,AdClassSched_57005,2/24/2020,60
634820,AdClassSched_57005,2/7/2020,60
501360,AdClassSched_49306,2/11/2020,60
501360,AdClassSched_49306,2/4/2020,60
501360,AdClassSched_49306,2/17/2020,60
501360,AdClassSched_49306,1/23/2020,60
501360,AdClassSched_49306,1/15/2020,60
501360,AdClassSched_49306,1/30/2020,60
517828,AdClassSched_49352,2/3/2020,60
517828,AdClassSched_49352,2/25/2020,60
517828,AdClassSched_49352,1/25/2020,60
517828,AdClassSched_49352,2/10/2020,60
633495,AdClassSched_49006,2/5/2020,60
633495,AdClassSched_49006,1/22/2020,60
633495,AdClassSched_49006,2/12/2020,60
633495,AdClassSched_49006,1/19/2020,60
633495,AdClassSched_49006,1/29/2020,60
633495,AdClassSched_49006,2/19/2020,60
631896,AdClassSched_57006,1/28/2020,60
631896,AdClassSched_57006,1/26/2020,60
631896,AdClassSched_57006,2/19/2020,60
631896,AdClassSched_57006,2/4/2020,60
631896,AdClassSched_57006,2/10/2020,60
631896,AdClassSched_57006,2/24/2020,60
631896,AdClassSched_57006,1/16/2020,60
644460,AdClassSched_49306,2/15/2020,60
644460,AdClassSched_49306,2/7/2020,60
644460,AdClassSched_49306,2/18/2020,60
644460,AdClassSched_49306,1/25/2020,60
644460,AdClassSched_49306,1/20/2020,60
644460,AdClassSched_49306,2/3/2020,60
640049,AdClassSched_49006,2/7/2020,60
640049,AdClassSched_49006,1/22/2020,60
640049,AdClassSched_49006,2/13/2020,60
640049,AdClassSched_49006,1/16/2020,60
640049,AdClassSched_49006,1/30/2020,60
640049,AdClassSched_49006,2/19/2020,60
516390,AdClassSched_49353,1/27/2020,60
516390,AdClassSched_49353,2/17/2020,60
516390,AdClassSched_49353,2/24/2020,60
516390,AdClassSched_49353,1/20/2020,60
516390,AdClassSched_49353,1/13/2020,60
516390,AdClassSched_49353,2/10/2020,60
516390,AdClassSched_49353,2/3/2020,60
630195,AdClassSched_57006,1/30/2020,60
630195,AdClassSched_57006,2/17/2020,60
630195,AdClassSched_57006,2/3/2020,60
630195,AdClassSched_57006,2/10/2020,60
644437,AdClassSched_49306,1/18/2020,60
623682,AdClassSched_49006,2/5/2020,60
623682,AdClassSched_49006,1/23/2020,60
623682,AdClassSched_49006,2/13/2020,60
623682,AdClassSched_49006,2/24/2020,60
623682,AdClassSched_49006,1/18/2020,60
623682,AdClassSched_49006,1/28/2020,60
623682,AdClassSched_49006,2/18/2020,60
476448,AdClassSched_49353,1/31/2020,60
476448,AdClassSched_49353,2/18/2020,60
476448,AdClassSched_49353,1/24/2020,60
476448,AdClassSched_49353,1/17/2020,60
476448,AdClassSched_49353,2/12/2020,60
476448,AdClassSched_49353,2/4/2020,60
630046,AdClassSched_57006,1/30/2020,60
630046,AdClassSched_57006,1/22/2020,60
630046,AdClassSched_57006,2/5/2020,60
630046,AdClassSched_57006,2/13/2020,60
630046,AdClassSched_57006,1/17/2020,60
625217,AdClassSched_49307,2/11/2020,60
625217,AdClassSched_49307,2/24/2020,60
625217,AdClassSched_49307,2/3/2020,60
625217,AdClassSched_49307,2/20/2020,60
625217,AdClassSched_49307,1/26/2020,60
625217,AdClassSched_49307,1/31/2020,60
627026,AdClassSched_49353,1/29/2020,60
627026,AdClassSched_49353,2/18/2020,60
627026,AdClassSched_49353,1/22/2020,60
627026,AdClassSched_49353,1/14/2020,60
627026,AdClassSched_49353,2/13/2020,60
627026,AdClassSched_49353,2/5/2020,60
643165,AdClassSched_57014,2/21/2020,60
643165,AdClassSched_57014,1/28/2020,60
643165,AdClassSched_57014,1/20/2020,60
643165,AdClassSched_57014,2/14/2020,60
643165,AdClassSched_57014,2/3/2020,60
643165,AdClassSched_57014,1/13/2020,60
634795,AdClassSched_49006,2/10/2020,60
634795,AdClassSched_49006,1/26/2020,60
634795,AdClassSched_49006,2/17/2020,60
634795,AdClassSched_49006,2/2/2020,60
634795,AdClassSched_49006,2/23/2020,60
627730,AdClassSched_49308,2/10/2020,60
627730,AdClassSched_49308,2/25/2020,60
627730,AdClassSched_49308,2/4/2020,60
627730,AdClassSched_49308,2/19/2020,60
627730,AdClassSched_49308,1/21/2020,60
627730,AdClassSched_49308,1/16/2020,60
627730,AdClassSched_49308,1/31/2020,60
630158,AdClassSched_57016,2/18/2020,60
630158,AdClassSched_57016,1/28/2020,60
630158,AdClassSched_57016,2/11/2020,60
630158,AdClassSched_57016,2/3/2020,60
637647,AdClassSched_49006,2/8/2020,60
637647,AdClassSched_49006,1/25/2020,60
637647,AdClassSched_49006,2/16/2020,60
637647,AdClassSched_49006,1/18/2020,60
637647,AdClassSched_49006,1/30/2020,60
637647,AdClassSched_49006,2/20/2020,60
629250,AdClassSched_49308,2/10/2020,60
629250,AdClassSched_49308,2/24/2020,60
629250,AdClassSched_49308,2/3/2020,60
629250,AdClassSched_49308,2/17/2020,60
629250,AdClassSched_49308,1/20/2020,60
629250,AdClassSched_49308,1/17/2020,60
629250,AdClassSched_49308,1/27/2020,60
616151,AdClassSched_49354,1/30/2020,60
616151,AdClassSched_49354,2/18/2020,60
616151,AdClassSched_49354,1/27/2020,60
616151,AdClassSched_49354,2/12/2020,60
616151,AdClassSched_49354,2/4/2020,60
627660,AdClassSched_49006,2/3/2020,60
627660,AdClassSched_49006,2/10/2020,60
627660,AdClassSched_49006,2/24/2020,60
627660,AdClassSched_49006,1/19/2020,60
627660,AdClassSched_49006,1/31/2020,60
627660,AdClassSched_49006,2/17/2020,60
644446,AdClassSched_49309,2/10/2020,60
644446,AdClassSched_49309,2/3/2020,60
644446,AdClassSched_49309,2/19/2020,60
644446,AdClassSched_49309,1/22/2020,60
644446,AdClassSched_49309,1/27/2020,60
626261,AdClassSched_49354,1/27/2020,60
626261,AdClassSched_49354,2/17/2020,60
626261,AdClassSched_49354,2/24/2020,60
626261,AdClassSched_49354,1/22/2020,60
626261,AdClassSched_49354,1/14/2020,60
626261,AdClassSched_49354,2/10/2020,60
626261,AdClassSched_49354,2/3/2020,60
471952,AdClassSched_57024,2/15/2020,60
471952,AdClassSched_57024,2/19/2020,60
633564,AdClassSched_49007,2/13/2020,60
633564,AdClassSched_49007,2/24/2020,60
630989,AdClassSched_49309,2/16/2020,60
630989,AdClassSched_49309,2/24/2020,60
630989,AdClassSched_49309,2/20/2020,60
516609,AdClassSched_57024,2/11/2020,60
516609,AdClassSched_57024,1/24/2020,60
516609,AdClassSched_57024,2/2/2020,60
516609,AdClassSched_57024,2/22/2020,60
609478,AdClassSched_49355,1/28/2020,60
609478,AdClassSched_49355,2/17/2020,60
609478,AdClassSched_49355,2/10/2020,60
609478,AdClassSched_49355,2/4/2020,60
625654,AdClassSched_49309,2/11/2020,60
625654,AdClassSched_49309,2/25/2020,60
625654,AdClassSched_49309,2/3/2020,60
636916,AdClassSched_49007,2/10/2020,60
625654,AdClassSched_49309,2/18/2020,60
636916,AdClassSched_49007,2/11/2020,60
625654,AdClassSched_49309,1/22/2020,60
625654,AdClassSched_49309,1/14/2020,60
625654,AdClassSched_49309,1/27/2020,60
633747,AdClassSched_49007,2/6/2020,60
633747,AdClassSched_49007,1/24/2020,60
633747,AdClassSched_49007,2/15/2020,60
633747,AdClassSched_49007,1/18/2020,60
633747,AdClassSched_49007,1/30/2020,60
633747,AdClassSched_49007,2/23/2020,60
617355,AdClassSched_49355,2/1/2020,60
617355,AdClassSched_49355,1/27/2020,60
617355,AdClassSched_49355,2/17/2020,60
617355,AdClassSched_49355,2/10/2020,60
627292,AdClassSched_57026,2/10/2020,60
627292,AdClassSched_57026,2/24/2020,60
627292,AdClassSched_57026,2/18/2020,60
623345,AdClassSched_49309,2/10/2020,60
623345,AdClassSched_49309,2/24/2020,60
623345,AdClassSched_49309,2/3/2020,60
623345,AdClassSched_49309,2/18/2020,60
623345,AdClassSched_49309,1/20/2020,60
623345,AdClassSched_49309,1/13/2020,60
637842,AdClassSched_57026,2/3/2020,60
637842,AdClassSched_57026,2/10/2020,60
637842,AdClassSched_57026,1/13/2020,60
637842,AdClassSched_57026,1/24/2020,60
637842,AdClassSched_57026,1/30/2020,60
637842,AdClassSched_57026,2/24/2020,60
637842,AdClassSched_57026,2/20/2020,60
638709,AdClassSched_49007,2/8/2020,60
638709,AdClassSched_49007,1/26/2020,60
638709,AdClassSched_49007,2/14/2020,60
638709,AdClassSched_49007,1/31/2020,60
638709,AdClassSched_49007,2/21/2020,60
624097,AdClassSched_49355,1/27/2020,60
624097,AdClassSched_49355,2/17/2020,60
624097,AdClassSched_49355,2/25/2020,60
624097,AdClassSched_49355,1/21/2020,60
624097,AdClassSched_49355,1/14/2020,60
624097,AdClassSched_49355,2/10/2020,60
624097,AdClassSched_49355,2/3/2020,60
625894,AdClassSched_49309,2/10/2020,60
625894,AdClassSched_49309,2/24/2020,60
625894,AdClassSched_49309,2/6/2020,60
625894,AdClassSched_49309,2/18/2020,60
625894,AdClassSched_49309,1/20/2020,60
625894,AdClassSched_49309,1/18/2020,60
625894,AdClassSched_49309,1/27/2020,60
639630,AdClassSched_49008,2/6/2020,60
639630,AdClassSched_49008,1/24/2020,60
639630,AdClassSched_49008,2/14/2020,60
639630,AdClassSched_49008,1/16/2020,60
639630,AdClassSched_49008,2/1/2020,60
639630,AdClassSched_49008,2/20/2020,60
638459,AdClassSched_57026,2/4/2020,60
638459,AdClassSched_57026,2/10/2020,60
638459,AdClassSched_57026,1/13/2020,60
638459,AdClassSched_57026,1/27/2020,60
638459,AdClassSched_57026,2/24/2020,60
633531,AdClassSched_49355,2/23/2020,60
633531,AdClassSched_49355,2/10/2020,60
633531,AdClassSched_49355,2/4/2020,60
623667,AdClassSched_49309,2/11/2020,60
623667,AdClassSched_49309,2/5/2020,60
623667,AdClassSched_49309,2/17/2020,60
623667,AdClassSched_49309,1/26/2020,60
623667,AdClassSched_49309,1/15/2020,60
623667,AdClassSched_49309,1/27/2020,60
634179,AdClassSched_49009,1/21/2020,60
634179,AdClassSched_49009,2/11/2020,60
634179,AdClassSched_49009,1/14/2020,60
634179,AdClassSched_49009,2/1/2020,60
634179,AdClassSched_49009,2/21/2020,60
638850,AdClassSched_57026,2/3/2020,60
638850,AdClassSched_57026,2/10/2020,60
638850,AdClassSched_57026,1/13/2020,60
638850,AdClassSched_57026,1/20/2020,60
638850,AdClassSched_57026,1/30/2020,60
638850,AdClassSched_57026,2/24/2020,60
638850,AdClassSched_57026,2/17/2020,60
610369,AdClassSched_49309,2/14/2020,60
610369,AdClassSched_49309,2/4/2020,60
610369,AdClassSched_49309,1/23/2020,60
610369,AdClassSched_49309,1/18/2020,60
610369,AdClassSched_49309,1/28/2020,60
619760,AdClassSched_49355,1/29/2020,60
619760,AdClassSched_49355,2/18/2020,60
619760,AdClassSched_49355,2/10/2020,60
619760,AdClassSched_49355,2/7/2020,60
639928,AdClassSched_57026,2/3/2020,60
639928,AdClassSched_57026,2/10/2020,60
639928,AdClassSched_57026,1/13/2020,60
639928,AdClassSched_57026,1/21/2020,60
639928,AdClassSched_57026,1/27/2020,60
639928,AdClassSched_57026,2/24/2020,60
639928,AdClassSched_57026,2/17/2020,60
634922,AdClassSched_49009,2/3/2020,60
634922,AdClassSched_49009,1/21/2020,60
634922,AdClassSched_49009,2/12/2020,60
634922,AdClassSched_49009,1/15/2020,60
634922,AdClassSched_49009,1/27/2020,60
634922,AdClassSched_49009,2/18/2020,60
456440,AdClassSched_49355,2/17/2020,60
456440,AdClassSched_49355,2/24/2020,60
456440,AdClassSched_49355,2/10/2020,60
456440,AdClassSched_49355,2/3/2020,60
515726,AdClassSched_49309,2/13/2020,60
515726,AdClassSched_49309,2/4/2020,60
515726,AdClassSched_49309,2/23/2020,60
515726,AdClassSched_49309,1/22/2020,60
515726,AdClassSched_49309,1/15/2020,60
515726,AdClassSched_49309,1/30/2020,60
618559,AdClassSched_57027,1/31/2020,60
618559,AdClassSched_57027,1/25/2020,60
618559,AdClassSched_57027,2/19/2020,60
618559,AdClassSched_57027,1/17/2020,60
638628,AdClassSched_49009,2/12/2020,60
638628,AdClassSched_49009,1/16/2020,60
638628,AdClassSched_49009,1/28/2020,60
638628,AdClassSched_49009,2/21/2020,60
623869,AdClassSched_49310,2/11/2020,60
623869,AdClassSched_49310,2/4/2020,60
623869,AdClassSched_49310,2/22/2020,60
623869,AdClassSched_49310,1/21/2020,60
623869,AdClassSched_49310,1/13/2020,60
623869,AdClassSched_49310,1/27/2020,60
618577,AdClassSched_57027,1/27/2020,60
618577,AdClassSched_57027,2/18/2020,60
618577,AdClassSched_57027,2/3/2020,60
618577,AdClassSched_57027,2/10/2020,60
638910,AdClassSched_49009,2/3/2020,60
638910,AdClassSched_49009,1/21/2020,60
638910,AdClassSched_49009,2/11/2020,60
638910,AdClassSched_49009,1/28/2020,60
638910,AdClassSched_49009,2/18/2020,60
624105,AdClassSched_49310,2/25/2020,60
624105,AdClassSched_49310,2/6/2020,60
624105,AdClassSched_49310,2/19/2020,60
492533,AdClassSched_49357,2/19/2020,60
492533,AdClassSched_49357,2/24/2020,60
492533,AdClassSched_49357,2/11/2020,60
492533,AdClassSched_49357,2/4/2020,60
623956,AdClassSched_57028,1/28/2020,60
623956,AdClassSched_57028,1/22/2020,60
623956,AdClassSched_57028,2/19/2020,60
623956,AdClassSched_57028,2/15/2020,60
623956,AdClassSched_57028,1/17/2020,60
628236,AdClassSched_49310,2/11/2020,60
628236,AdClassSched_49310,2/4/2020,60
628236,AdClassSched_49310,2/18/2020,60
628236,AdClassSched_49310,1/21/2020,60
628236,AdClassSched_49310,1/16/2020,60
628236,AdClassSched_49310,1/28/2020,60
632760,AdClassSched_49010,2/14/2020,60
632760,AdClassSched_49010,2/20/2020,60
354947,AdClassSched_49357,2/20/2020,60
628854,AdClassSched_49010,2/5/2020,60
628854,AdClassSched_49010,1/22/2020,60
628854,AdClassSched_49010,2/12/2020,60
387677,AdClassSched_49357,1/22/2020,60
628854,AdClassSched_49010,2/25/2020,60
387677,AdClassSched_49357,2/10/2020,60
628854,AdClassSched_49010,1/20/2020,60
628854,AdClassSched_49010,1/27/2020,60
628854,AdClassSched_49010,2/17/2020,60
623801,AdClassSched_57028,1/31/2020,60
623801,AdClassSched_57028,1/26/2020,60
623801,AdClassSched_57028,2/20/2020,60
623801,AdClassSched_57028,2/8/2020,60
623801,AdClassSched_57028,2/11/2020,60
618414,AdClassSched_49310,2/11/2020,60
618414,AdClassSched_49310,2/24/2020,60
618414,AdClassSched_49310,2/4/2020,60
618414,AdClassSched_49310,2/18/2020,60
618414,AdClassSched_49310,1/21/2020,60
618414,AdClassSched_49310,1/18/2020,60
618414,AdClassSched_49310,1/28/2020,60
638796,AdClassSched_49011,2/7/2020,60
638796,AdClassSched_49011,1/21/2020,60
638796,AdClassSched_49011,2/14/2020,60
638796,AdClassSched_49011,1/14/2020,60
638796,AdClassSched_49011,1/31/2020,60
638796,AdClassSched_49011,2/18/2020,60
614444,AdClassSched_49358,1/29/2020,60
614444,AdClassSched_49358,2/18/2020,60
614444,AdClassSched_49358,1/21/2020,60
614444,AdClassSched_49358,1/15/2020,60
614444,AdClassSched_49358,2/13/2020,60
614444,AdClassSched_49358,2/7/2020,60
637847,AdClassSched_57029,2/3/2020,60
637847,AdClassSched_57029,2/10/2020,60
637847,AdClassSched_57029,1/13/2020,60
637847,AdClassSched_57029,1/21/2020,60
637847,AdClassSched_57029,1/27/2020,60
637847,AdClassSched_57029,2/24/2020,60
637847,AdClassSched_57029,2/18/2020,60
608633,AdClassSched_49312,2/17/2020,60
608633,AdClassSched_49312,2/10/2020,60
608633,AdClassSched_49312,1/27/2020,60
608633,AdClassSched_49312,2/3/2020,60
623915,AdClassSched_49312,2/16/2020,60
623915,AdClassSched_49312,2/9/2020,60
623915,AdClassSched_49312,2/23/2020,60
623915,AdClassSched_49312,1/25/2020,60
623915,AdClassSched_49312,1/20/2020,60
623915,AdClassSched_49312,2/2/2020,60
623709,AdClassSched_49011,2/10/2020,60
623709,AdClassSched_49011,1/27/2020,60
623709,AdClassSched_49011,2/24/2020,60
623709,AdClassSched_49011,1/20/2020,60
623709,AdClassSched_49011,2/3/2020,60
498037,AdClassSched_49358,2/3/2020,60
498037,AdClassSched_49358,1/22/2020,60
498037,AdClassSched_49358,1/20/2020,60
498037,AdClassSched_49358,2/14/2020,60
498037,AdClassSched_49358,2/8/2020,60
633649,AdClassSched_57029,2/3/2020,60
633649,AdClassSched_57029,2/10/2020,60
633649,AdClassSched_57029,1/13/2020,60
633649,AdClassSched_57029,1/20/2020,60
633649,AdClassSched_57029,2/1/2020,60
633649,AdClassSched_57029,2/24/2020,60
633649,AdClassSched_57029,2/22/2020,60
618645,AdClassSched_49312,2/14/2020,60
618645,AdClassSched_49312,2/10/2020,60
618645,AdClassSched_49312,2/24/2020,60
618645,AdClassSched_49312,1/27/2020,60
618645,AdClassSched_49312,1/20/2020,60
618645,AdClassSched_49312,2/2/2020,60
500633,AdClassSched_49358,2/2/2020,60
500633,AdClassSched_49358,2/18/2020,60
500633,AdClassSched_49358,1/16/2020,60
500633,AdClassSched_49358,2/10/2020,60
500633,AdClassSched_49358,2/4/2020,60
635968,AdClassSched_49129,1/28/2020,60
635968,AdClassSched_49129,2/22/2020,60
635968,AdClassSched_49129,1/21/2020,60
635968,AdClassSched_49129,1/14/2020,60
635968,AdClassSched_49129,2/11/2020,60
635968,AdClassSched_49129,2/4/2020,60
638519,AdClassSched_57029,2/3/2020,60
638519,AdClassSched_57029,2/10/2020,60
638519,AdClassSched_57029,1/13/2020,60
638519,AdClassSched_57029,1/21/2020,60
638519,AdClassSched_57029,1/27/2020,60
638519,AdClassSched_57029,2/24/2020,60
638519,AdClassSched_57029,2/17/2020,60
618583,AdClassSched_49312,2/11/2020,60
618583,AdClassSched_49312,2/6/2020,60
618583,AdClassSched_49312,2/19/2020,60
618583,AdClassSched_49312,1/21/2020,60
618583,AdClassSched_49312,1/15/2020,60
618583,AdClassSched_49312,1/29/2020,60
640324,AdClassSched_57029,2/5/2020,60
640324,AdClassSched_57029,2/10/2020,60
640324,AdClassSched_57029,1/13/2020,60
640324,AdClassSched_57029,1/20/2020,60
640324,AdClassSched_57029,1/27/2020,60
640324,AdClassSched_57029,2/24/2020,60
495257,AdClassSched_49359,2/1/2020,60
495257,AdClassSched_49359,2/21/2020,60
495257,AdClassSched_49359,1/21/2020,60
495257,AdClassSched_49359,2/13/2020,60
635907,AdClassSched_49129,1/27/2020,60
635907,AdClassSched_49129,2/18/2020,60
635907,AdClassSched_49129,1/17/2020,60
635907,AdClassSched_49129,2/10/2020,60
635907,AdClassSched_49129,2/4/2020,60
628559,AdClassSched_49312,2/25/2020,60
628559,AdClassSched_49312,2/5/2020,60
628559,AdClassSched_49312,2/18/2020,60
628559,AdClassSched_49312,1/21/2020,60
628559,AdClassSched_49312,1/14/2020,60
628559,AdClassSched_49312,1/28/2020,60
508897,AdClassSched_49359,1/27/2020,60
508897,AdClassSched_49359,2/18/2020,60
508897,AdClassSched_49359,2/25/2020,60
508897,AdClassSched_49359,1/22/2020,60
508897,AdClassSched_49359,1/14/2020,60
508897,AdClassSched_49359,2/10/2020,60
508897,AdClassSched_49359,2/4/2020,60
638100,AdClassSched_57029,2/3/2020,60
638100,AdClassSched_57029,2/10/2020,60
638100,AdClassSched_57029,1/13/2020,60
638100,AdClassSched_57029,1/20/2020,60
638100,AdClassSched_57029,1/27/2020,60
638100,AdClassSched_57029,2/24/2020,60
638100,AdClassSched_57029,2/17/2020,60
633365,AdClassSched_49130,1/30/2020,60
633365,AdClassSched_49130,2/18/2020,60
633365,AdClassSched_49130,1/21/2020,60
633365,AdClassSched_49130,1/13/2020,60
633365,AdClassSched_49130,2/10/2020,60
633365,AdClassSched_49130,2/3/2020,60
622370,AdClassSched_49312,2/16/2020,60
622370,AdClassSched_49312,2/25/2020,60
622370,AdClassSched_49312,2/9/2020,60
622370,AdClassSched_49312,2/22/2020,60
622370,AdClassSched_49312,1/25/2020,60
622370,AdClassSched_49312,2/1/2020,60
637825,AdClassSched_57029,2/3/2020,60
618361,AdClassSched_49359,2/18/2020,60
637825,AdClassSched_57029,2/10/2020,60
618361,AdClassSched_49359,1/23/2020,60
637825,AdClassSched_57029,1/15/2020,60
618361,AdClassSched_49359,1/16/2020,60
637825,AdClassSched_57029,1/28/2020,60
618361,AdClassSched_49359,2/12/2020,60
637825,AdClassSched_57029,2/19/2020,60
618361,AdClassSched_49359,2/4/2020,60
623775,AdClassSched_49130,1/30/2020,60
623775,AdClassSched_49130,2/22/2020,60
623775,AdClassSched_49130,1/25/2020,60
623775,AdClassSched_49130,1/14/2020,60
623775,AdClassSched_49130,2/11/2020,60
623775,AdClassSched_49130,2/9/2020,60
628901,AdClassSched_49313,2/12/2020,60
628901,AdClassSched_49313,2/5/2020,60
628901,AdClassSched_49313,2/18/2020,60
618509,AdClassSched_49359,1/27/2020,60
618509,AdClassSched_49359,2/18/2020,60
618509,AdClassSched_49359,1/23/2020,60
618509,AdClassSched_49359,1/13/2020,60
618509,AdClassSched_49359,2/10/2020,60
618509,AdClassSched_49359,2/6/2020,60
618314,AdClassSched_57030,1/27/2020,60
618314,AdClassSched_57030,1/22/2020,60
618314,AdClassSched_57030,2/3/2020,60
618314,AdClassSched_57030,2/13/2020,60
618314,AdClassSched_57030,2/24/2020,60
626172,AdClassSched_49313,2/10/2020,60
626172,AdClassSched_49313,2/6/2020,60
626172,AdClassSched_49313,2/22/2020,60
626172,AdClassSched_49313,1/21/2020,60
626172,AdClassSched_49313,2/2/2020,60
510678,AdClassSched_49359,2/2/2020,60
510678,AdClassSched_49359,2/17/2020,60
510678,AdClassSched_49359,1/26/2020,60
510678,AdClassSched_49359,1/19/2020,60
510678,AdClassSched_49359,2/13/2020,60
510678,AdClassSched_49359,2/8/2020,60
618121,AdClassSched_57031,1/27/2020,60
618121,AdClassSched_57031,1/20/2020,60
618121,AdClassSched_57031,2/17/2020,60
618121,AdClassSched_57031,2/3/2020,60
618121,AdClassSched_57031,2/10/2020,60
618121,AdClassSched_57031,1/13/2020,60
633945,AdClassSched_49131,2/3/2020,60
633945,AdClassSched_49131,2/24/2020,60
633945,AdClassSched_49131,1/27/2020,60
633945,AdClassSched_49131,1/20/2020,60
633945,AdClassSched_49131,2/17/2020,60
633945,AdClassSched_49131,2/10/2020,60
628447,AdClassSched_49313,2/25/2020,60
628447,AdClassSched_49313,2/7/2020,60
628447,AdClassSched_49313,1/23/2020,60
628447,AdClassSched_49313,1/31/2020,60
608452,AdClassSched_49359,1/29/2020,60
608452,AdClassSched_49359,2/20/2020,60
608452,AdClassSched_49359,1/22/2020,60
608452,AdClassSched_49359,1/15/2020,60
608452,AdClassSched_49359,2/12/2020,60
608452,AdClassSched_49359,2/5/2020,60
634973,AdClassSched_49132,1/27/2020,60
634973,AdClassSched_49132,2/17/2020,60
634973,AdClassSched_49132,2/24/2020,60
634973,AdClassSched_49132,1/20/2020,60
634973,AdClassSched_49132,1/13/2020,60
634973,AdClassSched_49132,2/10/2020,60
634973,AdClassSched_49132,2/3/2020,60
630824,AdClassSched_57045,2/20/2020,60
630824,AdClassSched_57045,2/3/2020,60
630824,AdClassSched_57045,1/27/2020,60
630824,AdClassSched_57045,2/16/2020,60
630824,AdClassSched_57045,2/24/2020,60
630824,AdClassSched_57045,1/19/2020,60
626083,AdClassSched_49314,2/11/2020,60
626083,AdClassSched_49314,2/24/2020,60
626083,AdClassSched_49314,2/7/2020,60
626083,AdClassSched_49314,2/17/2020,60
626083,AdClassSched_49314,1/27/2020,60
626083,AdClassSched_49314,2/2/2020,60
636111,AdClassSched_56616,2/11/2020,60
636111,AdClassSched_56616,1/21/2020,60
636111,AdClassSched_56616,2/25/2020,60
636111,AdClassSched_56616,2/2/2020,60
636111,AdClassSched_56616,1/20/2020,60
636111,AdClassSched_56616,2/18/2020,60
636111,AdClassSched_56616,2/4/2020,60
635256,AdClassSched_49132,1/27/2020,60
635256,AdClassSched_49132,2/21/2020,60
635256,AdClassSched_49132,1/13/2020,60
635256,AdClassSched_49132,2/7/2020,60
632300,AdClassSched_57045,2/18/2020,60
632300,AdClassSched_57045,1/27/2020,60
632300,AdClassSched_57045,2/11/2020,60
632300,AdClassSched_57045,2/3/2020,60
632300,AdClassSched_57045,1/18/2020,60
624109,AdClassSched_56616,2/16/2020,60
624109,AdClassSched_56616,1/30/2020,60
624109,AdClassSched_56616,1/18/2020,60
624109,AdClassSched_56616,2/4/2020,60
512141,AdClassSched_49200,1/29/2020,60
512141,AdClassSched_49200,2/18/2020,60
512141,AdClassSched_49200,1/22/2020,60
512141,AdClassSched_49200,1/17/2020,60
512141,AdClassSched_49200,2/12/2020,60
512141,AdClassSched_49200,2/3/2020,60
633856,AdClassSched_57045,2/22/2020,60
633856,AdClassSched_57045,1/28/2020,60
633856,AdClassSched_57045,1/24/2020,60
633856,AdClassSched_57045,2/11/2020,60
633856,AdClassSched_57045,2/7/2020,60
633856,AdClassSched_57045,1/15/2020,60
632180,AdClassSched_49315,2/12/2020,60
632180,AdClassSched_49315,2/4/2020,60
632180,AdClassSched_49315,2/17/2020,60
636079,AdClassSched_49202,1/30/2020,60
636079,AdClassSched_49202,2/5/2020,60
636079,AdClassSched_49202,2/12/2020,60
636079,AdClassSched_49202,1/23/2020,60
636079,AdClassSched_49202,2/18/2020,60
624280,AdClassSched_49315,2/16/2020,60
624280,AdClassSched_49315,2/24/2020,60
624280,AdClassSched_49315,2/4/2020,60
624280,AdClassSched_49315,2/23/2020,60
634272,AdClassSched_57123,2/10/2020,60
634272,AdClassSched_57123,2/24/2020,60
634272,AdClassSched_57123,2/18/2020,60
636135,AdClassSched_57084,2/10/2020,60
636135,AdClassSched_57084,2/17/2020,60
636135,AdClassSched_57084,1/15/2020,60
636135,AdClassSched_57084,1/23/2020,60
636135,AdClassSched_57084,1/27/2020,60
636135,AdClassSched_57084,2/18/2020,60
630561,AdClassSched_57123,2/10/2020,60
630561,AdClassSched_57123,1/27/2020,60
630561,AdClassSched_57123,1/17/2020,60
630561,AdClassSched_57123,2/23/2020,60
630561,AdClassSched_57123,2/4/2020,60
631791,AdClassSched_49315,2/24/2020,60
631791,AdClassSched_49315,2/4/2020,60
631791,AdClassSched_49315,2/19/2020,60
633617,AdClassSched_49202,2/6/2020,60
633617,AdClassSched_49202,2/17/2020,60
638909,AdClassSched_57084,2/4/2020,60
638909,AdClassSched_57084,2/11/2020,60
638909,AdClassSched_57084,1/21/2020,60
638909,AdClassSched_57084,1/28/2020,60
638909,AdClassSched_57084,2/18/2020,60
628859,AdClassSched_49315,2/17/2020,60
628859,AdClassSched_49315,2/9/2020,60
628859,AdClassSched_49315,2/18/2020,60
628859,AdClassSched_49315,1/26/2020,60
628859,AdClassSched_49315,1/19/2020,60
628859,AdClassSched_49315,2/2/2020,60
618678,AdClassSched_57123,1/21/2020,60
618678,AdClassSched_57123,2/24/2020,60
618678,AdClassSched_57123,1/29/2020,60
618678,AdClassSched_57123,1/14/2020,60
618678,AdClassSched_57123,2/19/2020,60
618678,AdClassSched_57123,2/5/2020,60
633622,AdClassSched_49202,1/28/2020,60
633622,AdClassSched_49202,2/4/2020,60
633622,AdClassSched_49202,2/11/2020,60
633622,AdClassSched_49202,1/22/2020,60
633622,AdClassSched_49202,2/21/2020,60
633622,AdClassSched_49202,1/18/2020,60
637996,AdClassSched_57084,2/5/2020,60
637996,AdClassSched_57084,2/11/2020,60
637996,AdClassSched_57084,1/15/2020,60
637996,AdClassSched_57084,1/21/2020,60
637996,AdClassSched_57084,1/29/2020,60
637996,AdClassSched_57084,2/18/2020,60
609156,AdClassSched_57123,2/11/2020,60
609156,AdClassSched_57123,1/21/2020,60
609156,AdClassSched_57123,2/25/2020,60
609156,AdClassSched_57123,1/28/2020,60
609156,AdClassSched_57123,2/17/2020,60
609156,AdClassSched_57123,2/6/2020,60
620630,AdClassSched_49203,2/24/2020,60
620630,AdClassSched_49203,2/5/2020,60
620630,AdClassSched_49203,2/10/2020,60
620630,AdClassSched_49203,2/18/2020,60
623907,AdClassSched_49316,2/16/2020,60
623907,AdClassSched_49316,2/9/2020,60
623907,AdClassSched_49316,2/23/2020,60
623907,AdClassSched_49316,1/18/2020,60
623907,AdClassSched_49316,1/29/2020,60
638032,AdClassSched_57084,2/15/2020,60
638032,AdClassSched_57084,1/15/2020,60
638032,AdClassSched_57084,1/23/2020,60
638032,AdClassSched_57084,1/28/2020,60
636188,AdClassSched_57123,2/11/2020,60
636188,AdClassSched_57123,2/18/2020,60
623917,AdClassSched_49316,2/16/2020,60
623917,AdClassSched_49316,2/9/2020,60
623917,AdClassSched_49316,2/17/2020,60
623917,AdClassSched_49316,1/21/2020,60
623917,AdClassSched_49316,1/15/2020,60
623917,AdClassSched_49316,2/2/2020,60
637778,AdClassSched_49203,2/24/2020,60
637778,AdClassSched_49203,2/4/2020,60
637778,AdClassSched_49203,2/15/2020,60
637778,AdClassSched_49203,2/17/2020,60
637820,AdClassSched_57084,2/11/2020,60
637820,AdClassSched_57084,1/21/2020,60
637820,AdClassSched_57084,1/28/2020,60
637820,AdClassSched_57084,2/21/2020,60
622150,AdClassSched_57123,2/10/2020,60
622150,AdClassSched_57123,1/20/2020,60
622150,AdClassSched_57123,2/24/2020,60
622150,AdClassSched_57123,1/27/2020,60
622150,AdClassSched_57123,1/15/2020,60
622150,AdClassSched_57123,2/18/2020,60
622150,AdClassSched_57123,2/3/2020,60
618604,AdClassSched_49318,2/21/2020,60
632932,AdClassSched_49203,2/3/2020,60
632932,AdClassSched_49203,2/13/2020,60
632932,AdClassSched_49203,2/18/2020,60
638844,AdClassSched_57087,2/4/2020,60
638844,AdClassSched_57087,2/13/2020,60
638844,AdClassSched_57087,1/16/2020,60
638844,AdClassSched_57087,1/21/2020,60
638844,AdClassSched_57087,1/30/2020,60
638844,AdClassSched_57087,2/20/2020,60
634804,AdClassSched_57123,2/11/2020,60
634804,AdClassSched_57123,1/22/2020,60
634804,AdClassSched_57123,2/24/2020,60
634804,AdClassSched_57123,1/29/2020,60
634804,AdClassSched_57123,1/17/2020,60
634804,AdClassSched_57123,2/18/2020,60
634804,AdClassSched_57123,2/4/2020,60
623241,AdClassSched_49319,2/12/2020,60
623241,AdClassSched_49319,2/5/2020,60
623241,AdClassSched_49319,2/22/2020,60
623241,AdClassSched_49319,1/31/2020,60
625903,AdClassSched_49203,1/28/2020,60
625903,AdClassSched_49203,2/25/2020,60
625903,AdClassSched_49203,2/3/2020,60
625903,AdClassSched_49203,2/11/2020,60
625903,AdClassSched_49203,1/22/2020,60
625903,AdClassSched_49203,2/18/2020,60
638545,AdClassSched_57087,2/13/2020,60
638545,AdClassSched_57087,1/31/2020,60
638545,AdClassSched_57087,2/20/2020,60
628909,AdClassSched_57123,2/11/2020,60
628909,AdClassSched_57123,1/21/2020,60
628909,AdClassSched_57123,1/27/2020,60
628909,AdClassSched_57123,1/13/2020,60
628909,AdClassSched_57123,2/18/2020,60
628909,AdClassSched_57123,2/3/2020,60
629285,AdClassSched_49320,2/15/2020,60
629285,AdClassSched_49320,2/24/2020,60
629285,AdClassSched_49320,2/17/2020,60
629285,AdClassSched_49320,1/23/2020,60
629285,AdClassSched_49320,1/31/2020,60
633830,AdClassSched_49204,2/24/2020,60
633830,AdClassSched_49204,2/3/2020,60
633830,AdClassSched_49204,2/10/2020,60
633830,AdClassSched_49204,2/18/2020,60
639626,AdClassSched_57088,2/10/2020,60
639626,AdClassSched_57088,1/13/2020,60
639626,AdClassSched_57088,1/25/2020,60
639626,AdClassSched_57088,1/31/2020,60
639626,AdClassSched_57088,2/24/2020,60
639626,AdClassSched_57088,2/17/2020,60
636600,AdClassSched_57123,2/10/2020,60
636600,AdClassSched_57123,1/21/2020,60
636600,AdClassSched_57123,2/25/2020,60
636600,AdClassSched_57123,1/28/2020,60
636600,AdClassSched_57123,2/18/2020,60
636600,AdClassSched_57123,2/4/2020,60
634829,AdClassSched_49204,1/29/2020,60
634829,AdClassSched_49204,2/6/2020,60
634829,AdClassSched_49204,2/14/2020,60
634829,AdClassSched_49204,2/21/2020,60
637784,AdClassSched_57088,2/3/2020,60
637784,AdClassSched_57088,2/11/2020,60
637784,AdClassSched_57088,1/22/2020,60
637784,AdClassSched_57088,1/27/2020,60
637784,AdClassSched_57088,2/25/2020,60
637784,AdClassSched_57088,2/17/2020,60
623912,AdClassSched_49320,2/16/2020,60
623912,AdClassSched_49320,2/9/2020,60
623912,AdClassSched_49320,2/23/2020,60
623912,AdClassSched_49320,1/27/2020,60
623912,AdClassSched_49320,1/19/2020,60
623912,AdClassSched_49320,2/2/2020,60
627911,AdClassSched_57123,2/10/2020,60
627911,AdClassSched_57123,1/25/2020,60
627911,AdClassSched_57123,2/24/2020,60
627911,AdClassSched_57123,1/27/2020,60
627911,AdClassSched_57123,1/13/2020,60
627911,AdClassSched_57123,2/5/2020,60
623388,AdClassSched_49320,2/11/2020,60
623388,AdClassSched_49320,2/22/2020,60
623388,AdClassSched_49320,1/27/2020,60
623388,AdClassSched_49320,2/1/2020,60
634242,AdClassSched_57088,2/13/2020,60
634309,AdClassSched_49204,2/1/2020,60
634309,AdClassSched_49204,2/4/2020,60
634309,AdClassSched_49204,2/12/2020,60
634309,AdClassSched_49204,2/18/2020,60
634692,AdClassSched_57123,2/11/2020,60
634692,AdClassSched_57123,2/25/2020,60
634692,AdClassSched_57123,2/17/2020,60
634692,AdClassSched_57123,2/5/2020,60
633906,AdClassSched_57088,2/7/2020,60
633906,AdClassSched_57088,2/12/2020,60
633906,AdClassSched_57088,2/18/2020,60
622674,AdClassSched_49320,2/10/2020,60
622674,AdClassSched_49320,2/24/2020,60
622674,AdClassSched_49320,2/6/2020,60
630282,AdClassSched_49204,2/2/2020,60
622674,AdClassSched_49320,2/21/2020,60
630282,AdClassSched_49204,2/11/2020,60
630282,AdClassSched_49204,2/22/2020,60
622674,AdClassSched_49320,1/25/2020,60
622674,AdClassSched_49320,1/27/2020,60
636881,AdClassSched_57123,2/12/2020,60
636881,AdClassSched_57123,2/22/2020,60
636881,AdClassSched_57123,2/5/2020,60
629782,AdClassSched_57088,2/4/2020,60
629782,AdClassSched_57088,2/11/2020,60
629782,AdClassSched_57088,1/18/2020,60
629782,AdClassSched_57088,1/27/2020,60
629782,AdClassSched_57088,2/25/2020,60
629782,AdClassSched_57088,2/18/2020,60
634870,AdClassSched_49205,1/31/2020,60
634870,AdClassSched_49205,2/19/2020,60
634870,AdClassSched_49205,1/21/2020,60
634870,AdClassSched_49205,2/11/2020,60
634870,AdClassSched_49205,2/5/2020,60
618284,AdClassSched_49320,2/15/2020,60
618284,AdClassSched_49320,2/24/2020,60
618284,AdClassSched_49320,2/6/2020,60
618284,AdClassSched_49320,1/22/2020,60
618284,AdClassSched_49320,2/1/2020,60
623583,AdClassSched_57123,2/12/2020,60
623583,AdClassSched_57123,1/20/2020,60
623583,AdClassSched_57123,1/29/2020,60
623583,AdClassSched_57123,2/19/2020,60
623583,AdClassSched_57123,2/3/2020,60
633620,AdClassSched_57105,2/7/2020,60
633620,AdClassSched_57105,2/22/2020,60
618996,AdClassSched_49321,2/13/2020,60
618996,AdClassSched_49321,2/25/2020,60
618996,AdClassSched_49321,1/20/2020,60
618996,AdClassSched_49321,2/2/2020,60
633929,AdClassSched_49205,1/28/2020,60
633929,AdClassSched_49205,2/18/2020,60
633929,AdClassSched_49205,1/21/2020,60
633929,AdClassSched_49205,1/14/2020,60
633929,AdClassSched_49205,2/12/2020,60
633929,AdClassSched_49205,2/4/2020,60
628499,AdClassSched_49322,2/12/2020,60
628499,AdClassSched_49322,2/25/2020,60
628499,AdClassSched_49322,2/4/2020,60
628499,AdClassSched_49322,2/19/2020,60
619816,AdClassSched_57123,2/16/2020,60
619816,AdClassSched_57123,1/21/2020,60
619816,AdClassSched_57123,2/25/2020,60
619816,AdClassSched_57123,2/3/2020,60
619816,AdClassSched_57123,1/16/2020,60
619816,AdClassSched_57123,2/17/2020,60
638810,AdClassSched_57105,2/4/2020,60
638810,AdClassSched_57105,2/13/2020,60
638810,AdClassSched_57105,1/21/2020,60
638810,AdClassSched_57105,1/28/2020,60
638810,AdClassSched_57105,2/19/2020,60
632866,AdClassSched_49205,1/30/2020,60
632866,AdClassSched_49205,1/24/2020,60
632866,AdClassSched_49205,1/19/2020,60
632866,AdClassSched_49205,2/13/2020,60
632866,AdClassSched_49205,2/4/2020,60
628002,AdClassSched_57123,2/17/2020,60
628002,AdClassSched_57123,2/2/2020,60
628002,AdClassSched_57123,1/20/2020,60
628002,AdClassSched_57123,2/23/2020,60
628002,AdClassSched_57123,2/9/2020,60
622513,AdClassSched_49322,2/10/2020,60
622513,AdClassSched_49322,2/24/2020,60
622513,AdClassSched_49322,2/5/2020,60
622513,AdClassSched_49322,2/19/2020,60
622513,AdClassSched_49322,1/22/2020,60
622513,AdClassSched_49322,1/14/2020,60
622513,AdClassSched_49322,1/29/2020,60
638591,AdClassSched_57105,2/13/2020,60
638591,AdClassSched_57105,1/17/2020,60
638591,AdClassSched_57105,1/24/2020,60
638591,AdClassSched_57105,2/2/2020,60
627400,AdClassSched_49205,2/1/2020,60
627400,AdClassSched_49205,2/21/2020,60
627400,AdClassSched_49205,1/24/2020,60
627400,AdClassSched_49205,1/19/2020,60
627400,AdClassSched_49205,2/11/2020,60
627400,AdClassSched_49205,2/4/2020,60
628479,AdClassSched_49322,2/10/2020,60
628479,AdClassSched_49322,2/24/2020,60
628479,AdClassSched_49322,2/4/2020,60
628479,AdClassSched_49322,2/18/2020,60
628479,AdClassSched_49322,1/27/2020,60
636747,AdClassSched_57131,2/10/2020,60
636747,AdClassSched_57131,2/18/2020,60
636747,AdClassSched_57131,2/4/2020,60
629615,AdClassSched_57105,2/6/2020,60
629615,AdClassSched_57105,2/14/2020,60
629615,AdClassSched_57105,1/16/2020,60
629615,AdClassSched_57105,1/23/2020,60
629615,AdClassSched_57105,1/31/2020,60
633726,AdClassSched_49206,1/30/2020,60
633726,AdClassSched_49206,2/22/2020,60
633726,AdClassSched_49206,2/10/2020,60
628564,AdClassSched_49322,2/25/2020,60
628564,AdClassSched_49322,2/3/2020,60
628564,AdClassSched_49322,2/17/2020,60
628564,AdClassSched_49322,1/21/2020,60
628564,AdClassSched_49322,1/16/2020,60
639437,AdClassSched_57105,2/3/2020,60
639437,AdClassSched_57105,2/13/2020,60
639437,AdClassSched_57105,1/14/2020,60
639437,AdClassSched_57105,1/21/2020,60
639437,AdClassSched_57105,1/28/2020,60
639437,AdClassSched_57105,2/25/2020,60
639437,AdClassSched_57105,2/19/2020,60
633211,AdClassSched_49206,1/28/2020,60
633211,AdClassSched_49206,2/17/2020,60
633211,AdClassSched_49206,1/20/2020,60
633211,AdClassSched_49206,1/15/2020,60
633211,AdClassSched_49206,2/11/2020,60
633211,AdClassSched_49206,2/4/2020,60
623541,AdClassSched_49322,2/16/2020,60
623541,AdClassSched_49322,2/9/2020,60
623541,AdClassSched_49322,2/24/2020,60
623541,AdClassSched_49322,1/26/2020,60
623541,AdClassSched_49322,2/1/2020,60
633180,AdClassSched_48741,2/16/2020,60
633180,AdClassSched_48741,2/23/2020,60
633180,AdClassSched_48741,2/2/2020,60
633180,AdClassSched_48741,2/10/2020,60
633180,AdClassSched_48741,1/25/2020,60
633180,AdClassSched_48741,1/19/2020,60
644194,AdClassSched_57105,2/7/2020,60
644194,AdClassSched_57105,2/14/2020,60
644194,AdClassSched_57105,1/17/2020,60
644194,AdClassSched_57105,1/24/2020,60
644194,AdClassSched_57105,1/31/2020,60
644194,AdClassSched_57105,2/21/2020,60
457693,AdClassSched_49207,1/28/2020,60
457693,AdClassSched_49207,2/18/2020,60
457693,AdClassSched_49207,1/21/2020,60
457693,AdClassSched_49207,1/19/2020,60
457693,AdClassSched_49207,2/12/2020,60
457693,AdClassSched_49207,2/4/2020,60
609096,AdClassSched_49323,2/11/2020,60
609096,AdClassSched_49323,2/24/2020,60
609096,AdClassSched_49323,2/4/2020,60
609096,AdClassSched_49323,2/17/2020,60
609096,AdClassSched_49323,1/20/2020,60
609096,AdClassSched_49323,1/28/2020,60
628883,AdClassSched_49207,1/28/2020,60
628883,AdClassSched_49207,2/18/2020,60
628883,AdClassSched_49207,1/23/2020,60
628883,AdClassSched_49207,2/11/2020,60
628883,AdClassSched_49207,2/4/2020,60
621756,AdClassSched_57116,2/21/2020,60
621756,AdClassSched_57116,2/14/2020,60
621756,AdClassSched_57116,1/17/2020,60
621756,AdClassSched_57116,2/7/2020,60
621756,AdClassSched_57116,1/31/2020,60
621756,AdClassSched_57116,1/24/2020,60
630567,AdClassSched_48742,2/14/2020,60
630567,AdClassSched_48742,2/22/2020,60
630567,AdClassSched_48742,1/31/2020,60
630567,AdClassSched_48742,2/7/2020,60
630567,AdClassSched_48742,1/26/2020,60
630567,AdClassSched_48742,1/17/2020,60
630340,AdClassSched_49323,1/19/2020,60
630340,AdClassSched_49323,2/2/2020,60
630455,AdClassSched_49207,1/28/2020,60
630455,AdClassSched_49207,2/17/2020,60
630455,AdClassSched_49207,2/25/2020,60
630455,AdClassSched_49207,1/23/2020,60
630455,AdClassSched_49207,1/14/2020,60
630455,AdClassSched_49207,2/11/2020,60
630455,AdClassSched_49207,2/4/2020,60
624368,AdClassSched_48742,2/10/2020,60
624368,AdClassSched_48742,2/18/2020,60
624368,AdClassSched_48742,2/7/2020,60
635759,AdClassSched_57117,2/10/2020,60
635759,AdClassSched_57117,1/17/2020,60
635759,AdClassSched_57117,2/3/2020,60
635759,AdClassSched_57117,1/27/2020,60
635759,AdClassSched_57117,2/24/2020,60
635759,AdClassSched_57117,1/20/2020,60
628843,AdClassSched_49325,2/12/2020,60
628843,AdClassSched_49325,2/24/2020,60
628843,AdClassSched_49325,2/4/2020,60
628843,AdClassSched_49325,2/18/2020,60
628843,AdClassSched_49325,1/22/2020,60
628843,AdClassSched_49325,1/14/2020,60
628843,AdClassSched_49325,1/27/2020,60
634939,AdClassSched_49207,1/29/2020,60
634939,AdClassSched_49207,2/21/2020,60
634939,AdClassSched_49207,2/11/2020,60
634939,AdClassSched_49207,2/4/2020,60
629158,AdClassSched_48743,2/12/2020,60
629158,AdClassSched_48743,2/19/2020,60
629158,AdClassSched_48743,1/29/2020,60
629158,AdClassSched_48743,1/22/2020,60
629158,AdClassSched_48743,1/17/2020,60
623149,AdClassSched_57119,2/18/2020,60
623149,AdClassSched_57119,2/10/2020,60
623149,AdClassSched_57119,2/5/2020,60
623149,AdClassSched_57119,1/28/2020,60
623149,AdClassSched_57119,2/24/2020,60
628151,AdClassSched_49325,2/21/2020,60
632971,AdClassSched_48743,2/10/2020,60
632971,AdClassSched_48743,2/18/2020,60
632971,AdClassSched_48743,2/4/2020,60
633739,AdClassSched_49208,1/30/2020,60
633739,AdClassSched_49208,2/18/2020,60
633739,AdClassSched_49208,2/25/2020,60
633739,AdClassSched_49208,1/22/2020,60
633739,AdClassSched_49208,1/14/2020,60
633739,AdClassSched_49208,2/11/2020,60
633739,AdClassSched_49208,2/7/2020,60
514259,AdClassSched_57122,2/18/2020,60
514259,AdClassSched_57122,2/12/2020,60
514259,AdClassSched_57122,2/3/2020,60
631008,AdClassSched_49326,2/22/2020,60
631008,AdClassSched_49326,1/22/2020,60
